depth,type,rich
0,richness1d,0
0,richness2d,0
4,richness1d,7
4,richness2d,3
5,richness1d,11
5,richness2d,5
6,richness1d,13
6,richness2d,6
8,richness1d,15
8,richness2d,1
9,richness1d,15
9,richness2d,5
12,richness1d,19
12,richness2d,5
16,richness1d,20
16,richness2d,5
18,richness1d,22
18,richness2d,2
20,richness1d,22
20,richness2d,3
30,richness1d,22
30,richness2d,1
34,richness1d,24
34,richness2d,7
35,richness1d,24
35,richness2d,1
36,richness1d,24
36,richness2d,7
38,richness1d,24
38,richness2d,5
39,richness1d,24
39,richness2d,5
41,richness1d,24
41,richness2d,5
42,richness1d,24
42,richness2d,2
61,richness1d,24
61,richness2d,1
69,richness1d,24
69,richness2d,2
71,richness1d,25
71,richness2d,1
74,richness1d,24
74,richness2d,1
77,richness1d,24
77,richness2d,1
89,richness1d,27
89,richness2d,1
92,richness1d,27
92,richness2d,1
93,richness1d,27
93,richness2d,1
96,richness1d,27
96,richness2d,4
97,richness1d,27
97,richness2d,7
98,richness1d,27
98,richness2d,1
99,richness1d,27
99,richness2d,2
100,richness1d,27
100,richness2d,1
101,richness1d,27
101,richness2d,4
104,richness1d,27
104,richness2d,1
111,richness1d,27
111,richness2d,3
112,richness1d,27
112,richness2d,3
114,richness1d,27
114,richness2d,1
118,richness1d,27
118,richness2d,1
137,richness1d,26
137,richness2d,4
139,richness1d,26
139,richness2d,4
159,richness1d,25
159,richness2d,2
195,richness1d,26
195,richness2d,1
289,richness1d,28
289,richness2d,1
419,richness1d,28
419,richness2d,2
432,richness1d,28
432,richness2d,6
452,richness1d,28
452,richness2d,1
551,richness1d,22
551,richness2d,4
589,richness1d,21
589,richness2d,4
622,richness1d,21
622,richness2d,7
662,richness1d,21
662,richness2d,7
664,richness1d,21
664,richness2d,2
754,richness1d,20
754,richness2d,2
854,richness1d,20
854,richness2d,4
899,richness1d,20
899,richness2d,1
933,richness1d,19
933,richness2d,5
965,richness1d,19
965,richness2d,7
988,richness1d,19
988,richness2d,1
1001,richness1d,19
1001,richness2d,4
1004,richness1d,19
1004,richness2d,1
1006,richness1d,19
1006,richness2d,1
1026,richness1d,19
1026,richness2d,8
1029,richness1d,19
1029,richness2d,1
1058,richness1d,19
1058,richness2d,6
1086,richness1d,17
1086,richness2d,2
1101,richness1d,17
1101,richness2d,1
1122,richness1d,17
1122,richness2d,3
1124,richness1d,17
1124,richness2d,1
1160,richness1d,17
1160,richness2d,1
1164,richness1d,17
1164,richness2d,7
1216,richness1d,13
1216,richness2d,4
1217,richness1d,13
1217,richness2d,3
1239,richness1d,13
1239,richness2d,2
1243,richness1d,13
1243,richness2d,6
1254,richness1d,12
1254,richness2d,2
1304,richness1d,12
1304,richness2d,2
1345,richness1d,12
1345,richness2d,4
1366,richness1d,12
1366,richness2d,2
1380,richness1d,12
1380,richness2d,2
1394,richness1d,12
1394,richness2d,4
1401,richness1d,11
1401,richness2d,2
1436,richness1d,11
1436,richness2d,2
1629,richness1d,10
1629,richness2d,6
1639,richness1d,10
1639,richness2d,1
1656,richness1d,10
1656,richness2d,5
1664,richness1d,10
1664,richness2d,5
1689,richness1d,10
1689,richness2d,1
1735,richness1d,10
1735,richness2d,1
1743,richness1d,10
1743,richness2d,1
1753,richness1d,10
1753,richness2d,7
1754,richness1d,10
1754,richness2d,5
1762,richness1d,10
1762,richness2d,1
1773,richness1d,10
1773,richness2d,6
1777,richness1d,10
1777,richness2d,2
1828,richness1d,9
1828,richness2d,1
1834,richness1d,9
1834,richness2d,4
1858,richness1d,9
1858,richness2d,2
1889,richness1d,9
1889,richness2d,6
1925,richness1d,9
1925,richness2d,3
1967,richness1d,8
1967,richness2d,5
1978,richness1d,8
1978,richness2d,1
1985,richness1d,8
1985,richness2d,5
1992,richness1d,8
1992,richness2d,6
2007,richness1d,8
2007,richness2d,6
2011,richness1d,8
2011,richness2d,1
2017,richness1d,8
2017,richness2d,7
2024,richness1d,8
2024,richness2d,5
2057,richness1d,9
2057,richness2d,2
2084,richness1d,8
2084,richness2d,5
2086,richness1d,8
2086,richness2d,5
2092,richness1d,8
2092,richness2d,3
2096,richness1d,8
2096,richness2d,4
2112,richness1d,8
2112,richness2d,4
2130,richness1d,8
2130,richness2d,1
2134,richness1d,8
2134,richness2d,6
2137,richness1d,8
2137,richness2d,5
2164,richness1d,8
2164,richness2d,1
2173,richness1d,8
2173,richness2d,4
2181,richness1d,8
2181,richness2d,6
2188,richness1d,8
2188,richness2d,1
2202,richness1d,8
2202,richness2d,1
2233,richness1d,8
2233,richness2d,1
2248,richness1d,8
2248,richness2d,6
2270,richness1d,8
2270,richness2d,5
2276,richness1d,8
2276,richness2d,5
2291,richness1d,8
2291,richness2d,1
2308,richness1d,8
2308,richness2d,2
2327,richness1d,7
2327,richness2d,4
2330,richness1d,7
2330,richness2d,1
2359,richness1d,6
2359,richness2d,1
2362,richness1d,6
2362,richness2d,3
2363,richness1d,6
2363,richness2d,5
2366,richness1d,6
2366,richness2d,5
2374,richness1d,6
2374,richness2d,2
2379,richness1d,6
2379,richness2d,2
2391,richness1d,6
2391,richness2d,1
2392,richness1d,6
2392,richness2d,3
2393,richness1d,6
2393,richness2d,4
2397,richness1d,6
2397,richness2d,1
2400,richness1d,6
2400,richness2d,1
2406,richness1d,6
2406,richness2d,1
2411,richness1d,6
2411,richness2d,1
2433,richness1d,6
2433,richness2d,1
2445,richness1d,6
2445,richness2d,3
2478,richness1d,6
2478,richness2d,3
2480,richness1d,6
2480,richness2d,1
2488,richness1d,6
2488,richness2d,5
2493,richness1d,6
2493,richness2d,2
2494,richness1d,6
2494,richness2d,3
2498,richness1d,6
2498,richness2d,1
2504,richness1d,6
2504,richness2d,1
2511,richness1d,6
2511,richness2d,2
2526,richness1d,6
2526,richness2d,3
2545,richness1d,6
2545,richness2d,3
2552,richness1d,6
2552,richness2d,1
2557,richness1d,6
2557,richness2d,1
2575,richness1d,6
2575,richness2d,3
2585,richness1d,6
2585,richness2d,4
2607,richness1d,6
2607,richness2d,3
2616,richness1d,6
2616,richness2d,3
2620,richness1d,6
2620,richness2d,4
2623,richness1d,6
2623,richness2d,5
2625,richness1d,6
2625,richness2d,4
2627,richness1d,6
2627,richness2d,5
2633,richness1d,6
2633,richness2d,1
2640,richness1d,6
2640,richness2d,1
2651,richness1d,6
2651,richness2d,3
2654,richness1d,6
2654,richness2d,4
2663,richness1d,6
2663,richness2d,1
2669,richness1d,6
2669,richness2d,4
2672,richness1d,6
2672,richness2d,5
2677,richness1d,6
2677,richness2d,4
2679,richness1d,6
2679,richness2d,5
2681,richness1d,6
2681,richness2d,1
2694,richness1d,6
2694,richness2d,1
2697,richness1d,6
2697,richness2d,1
2698,richness1d,6
2698,richness2d,5
2705,richness1d,6
2705,richness2d,4
2710,richness1d,6
2710,richness2d,1
2715,richness1d,6
2715,richness2d,4
2725,richness1d,6
2725,richness2d,4
2726,richness1d,6
2726,richness2d,3
2735,richness1d,6
2735,richness2d,4
2739,richness1d,6
2739,richness2d,4
2741,richness1d,6
2741,richness2d,3
2745,richness1d,6
2745,richness2d,1
2746,richness1d,6
2746,richness2d,4
2749,richness1d,6
2749,richness2d,2
2750,richness1d,6
2750,richness2d,5
2755,richness1d,6
2755,richness2d,3
2759,richness1d,6
2759,richness2d,1
2764,richness1d,6
2764,richness2d,5
2776,richness1d,6
2776,richness2d,4
2777,richness1d,6
2777,richness2d,5
2779,richness1d,6
2779,richness2d,5
2787,richness1d,6
2787,richness2d,1
2795,richness1d,6
2795,richness2d,3
2808,richness1d,5
2808,richness2d,1
2811,richness1d,5
2811,richness2d,3
2812,richness1d,5
2812,richness2d,1
2814,richness1d,5
2814,richness2d,2
2819,richness1d,5
2819,richness2d,3
2824,richness1d,5
2824,richness2d,1
2830,richness1d,5
2830,richness2d,1
2833,richness1d,5
2833,richness2d,4
2834,richness1d,5
2834,richness2d,3
2836,richness1d,5
2836,richness2d,1
2837,richness1d,5
2837,richness2d,4
2839,richness1d,5
2839,richness2d,1
2840,richness1d,5
2840,richness2d,3
2841,richness1d,5
2841,richness2d,1
2842,richness1d,5
2842,richness2d,4
2850,richness1d,5
2850,richness2d,3
2852,richness1d,5
2852,richness2d,4
2853,richness1d,5
2853,richness2d,3
2854,richness1d,5
2854,richness2d,4
2862,richness1d,5
2862,richness2d,1
2869,richness1d,5
2869,richness2d,2
2873,richness1d,5
2873,richness2d,3
2876,richness1d,5
2876,richness2d,1
2880,richness1d,5
2880,richness2d,2
2882,richness1d,5
2882,richness2d,1
2885,richness1d,5
2885,richness2d,3
2888,richness1d,5
2888,richness2d,4
2891,richness1d,5
2891,richness2d,2
2892,richness1d,5
2892,richness2d,4
2898,richness1d,5
2898,richness2d,3
2899,richness1d,5
2899,richness2d,3
2904,richness1d,5
2904,richness2d,2
2905,richness1d,5
2905,richness2d,4
2910,richness1d,5
2910,richness2d,4
2911,richness1d,5
2911,richness2d,2
2913,richness1d,5
2913,richness2d,4
2917,richness1d,5
2917,richness2d,3
2921,richness1d,5
2921,richness2d,1
2927,richness1d,5
2927,richness2d,2
2934,richness1d,5
2934,richness2d,1
2935,richness1d,5
2935,richness2d,4
2939,richness1d,5
2939,richness2d,1
2943,richness1d,5
2943,richness2d,1
2945,richness1d,5
2945,richness2d,3
2946,richness1d,5
2946,richness2d,3
2947,richness1d,5
2947,richness2d,3
2951,richness1d,5
2951,richness2d,1
2953,richness1d,5
2953,richness2d,1
2956,richness1d,5
2956,richness2d,1
2959,richness1d,5
2959,richness2d,1
2960,richness1d,5
2960,richness2d,2
2963,richness1d,5
2963,richness2d,4
2965,richness1d,5
2965,richness2d,2
2970,richness1d,5
2970,richness2d,2
2972,richness1d,5
2972,richness2d,4
2975,richness1d,5
2975,richness2d,1
2977,richness1d,5
2977,richness2d,3
2979,richness1d,5
2979,richness2d,1
2984,richness1d,5
2984,richness2d,4
2986,richness1d,5
2986,richness2d,4
2995,richness1d,5
2995,richness2d,1
2996,richness1d,5
2996,richness2d,1
2997,richness1d,5
2997,richness2d,1
3001,richness1d,5
3001,richness2d,1
3003,richness1d,5
3003,richness2d,4
3010,richness1d,5
3010,richness2d,1
3014,richness1d,5
3014,richness2d,3
3019,richness1d,5
3019,richness2d,3
3022,richness1d,5
3022,richness2d,3
3024,richness1d,5
3024,richness2d,4
3026,richness1d,5
3026,richness2d,4
3028,richness1d,5
3028,richness2d,1
3032,richness1d,5
3032,richness2d,4
3035,richness1d,5
3035,richness2d,3
3038,richness1d,5
3038,richness2d,3
3039,richness1d,5
3039,richness2d,1
3043,richness1d,5
3043,richness2d,1
3044,richness1d,5
3044,richness2d,4
3050,richness1d,5
3050,richness2d,2
3052,richness1d,5
3052,richness2d,3
3054,richness1d,5
3054,richness2d,1
3062,richness1d,5
3062,richness2d,4
3063,richness1d,5
3063,richness2d,1
3065,richness1d,5
3065,richness2d,1
3070,richness1d,5
3070,richness2d,1
3073,richness1d,5
3073,richness2d,3
3074,richness1d,5
3074,richness2d,1
3078,richness1d,5
3078,richness2d,1
3082,richness1d,5
3082,richness2d,1
3083,richness1d,5
3083,richness2d,2
3084,richness1d,5
3084,richness2d,4
3086,richness1d,5
3086,richness2d,3
3087,richness1d,5
3087,richness2d,1
3092,richness1d,5
3092,richness2d,3
3094,richness1d,5
3094,richness2d,1
3097,richness1d,5
3097,richness2d,4
3098,richness1d,5
3098,richness2d,1
3101,richness1d,5
3101,richness2d,1
3102,richness1d,5
3102,richness2d,3
3104,richness1d,5
3104,richness2d,2
3106,richness1d,5
3106,richness2d,4
3107,richness1d,5
3107,richness2d,2
3109,richness1d,5
3109,richness2d,1
3111,richness1d,5
3111,richness2d,2
3113,richness1d,5
3113,richness2d,4
3116,richness1d,5
3116,richness2d,1
3119,richness1d,5
3119,richness2d,4
3121,richness1d,5
3121,richness2d,3
3122,richness1d,5
3122,richness2d,2
3124,richness1d,5
3124,richness2d,1
3125,richness1d,5
3125,richness2d,1
3128,richness1d,5
3128,richness2d,4
3132,richness1d,5
3132,richness2d,1
3133,richness1d,5
3133,richness2d,4
3136,richness1d,5
3136,richness2d,3
3137,richness1d,5
3137,richness2d,2
3140,richness1d,5
3140,richness2d,2
3141,richness1d,5
3141,richness2d,2
3143,richness1d,5
3143,richness2d,3
3145,richness1d,5
3145,richness2d,1
3146,richness1d,5
3146,richness2d,4
3147,richness1d,5
3147,richness2d,3
3151,richness1d,5
3151,richness2d,4
3162,richness1d,5
3162,richness2d,4
3163,richness1d,5
3163,richness2d,3
3165,richness1d,5
3165,richness2d,1
3166,richness1d,5
3166,richness2d,4
3170,richness1d,5
3170,richness2d,2
3171,richness1d,5
3171,richness2d,4
3172,richness1d,5
3172,richness2d,2
3177,richness1d,5
3177,richness2d,3
3178,richness1d,5
3178,richness2d,1
3183,richness1d,4
3183,richness2d,3
3187,richness1d,4
3187,richness2d,1
3188,richness1d,4
3188,richness2d,2
3191,richness1d,4
3191,richness2d,2
3200,richness1d,4
3200,richness2d,3
3205,richness1d,4
3205,richness2d,1
3207,richness1d,4
3207,richness2d,1
3209,richness1d,4
3209,richness2d,1
3214,richness1d,4
3214,richness2d,4
3216,richness1d,4
3216,richness2d,3
3224,richness1d,4
3224,richness2d,3
3226,richness1d,4
3226,richness2d,4
3227,richness1d,4
3227,richness2d,4
3228,richness1d,4
3228,richness2d,2
3229,richness1d,4
3229,richness2d,1
3232,richness1d,4
3232,richness2d,3
3235,richness1d,4
3235,richness2d,2
3238,richness1d,4
3238,richness2d,3
3239,richness1d,4
3239,richness2d,3
3240,richness1d,4
3240,richness2d,1
3241,richness1d,4
3241,richness2d,1
3245,richness1d,4
3245,richness2d,3
3246,richness1d,4
3246,richness2d,1
3248,richness1d,4
3248,richness2d,4
3249,richness1d,4
3249,richness2d,3
3251,richness1d,4
3251,richness2d,1
3253,richness1d,4
3253,richness2d,3
3255,richness1d,4
3255,richness2d,4
3265,richness1d,4
3265,richness2d,4
3266,richness1d,4
3266,richness2d,4
3267,richness1d,4
3267,richness2d,4
3268,richness1d,4
3268,richness2d,4
3269,richness1d,4
3269,richness2d,1
3273,richness1d,4
3273,richness2d,4
3274,richness1d,4
3274,richness2d,1
3276,richness1d,4
3276,richness2d,2
3277,richness1d,4
3277,richness2d,4
3279,richness1d,4
3279,richness2d,1
3283,richness1d,4
3283,richness2d,3
3284,richness1d,4
3284,richness2d,2
3285,richness1d,4
3285,richness2d,3
3287,richness1d,4
3287,richness2d,4
3288,richness1d,4
3288,richness2d,3
3290,richness1d,4
3290,richness2d,3
3294,richness1d,4
3294,richness2d,1
3296,richness1d,4
3296,richness2d,3
3298,richness1d,4
3298,richness2d,3
3299,richness1d,4
3299,richness2d,1
3302,richness1d,4
3302,richness2d,4
3303,richness1d,4
3303,richness2d,1
3304,richness1d,4
3304,richness2d,3
3305,richness1d,4
3305,richness2d,1
3306,richness1d,4
3306,richness2d,1
3308,richness1d,4
3308,richness2d,3
3312,richness1d,4
3312,richness2d,4
3313,richness1d,4
3313,richness2d,4
3316,richness1d,4
3316,richness2d,2
3318,richness1d,4
3318,richness2d,4
3323,richness1d,4
3323,richness2d,4
3325,richness1d,4
3325,richness2d,3
3330,richness1d,4
3330,richness2d,4
3331,richness1d,4
3331,richness2d,3
3332,richness1d,4
3332,richness2d,4
3333,richness1d,4
3333,richness2d,1
3336,richness1d,4
3336,richness2d,1
3345,richness1d,4
3345,richness2d,3
3348,richness1d,4
3348,richness2d,3
3355,richness1d,4
3355,richness2d,4
3357,richness1d,4
3357,richness2d,2
3359,richness1d,4
3359,richness2d,3
3360,richness1d,4
3360,richness2d,3
3362,richness1d,4
3362,richness2d,2
3365,richness1d,4
3365,richness2d,4
3366,richness1d,4
3366,richness2d,4
3369,richness1d,4
3369,richness2d,1
3371,richness1d,4
3371,richness2d,3
3374,richness1d,4
3374,richness2d,4
3376,richness1d,4
3376,richness2d,1
3378,richness1d,4
3378,richness2d,1
3382,richness1d,4
3382,richness2d,1
3383,richness1d,4
3383,richness2d,1
3385,richness1d,4
3385,richness2d,4
3391,richness1d,4
3391,richness2d,3
3393,richness1d,4
3393,richness2d,2
3394,richness1d,4
3394,richness2d,4
3395,richness1d,4
3395,richness2d,4
3397,richness1d,4
3397,richness2d,1
3398,richness1d,4
3398,richness2d,2
3400,richness1d,4
3400,richness2d,4
3401,richness1d,4
3401,richness2d,4
3403,richness1d,4
3403,richness2d,3
3405,richness1d,4
3405,richness2d,4
3408,richness1d,4
3408,richness2d,1
3410,richness1d,4
3410,richness2d,2
3411,richness1d,4
3411,richness2d,1
3412,richness1d,4
3412,richness2d,4
3415,richness1d,4
3415,richness2d,3
3420,richness1d,4
3420,richness2d,4
3422,richness1d,4
3422,richness2d,3
3423,richness1d,4
3423,richness2d,4
3425,richness1d,4
3425,richness2d,4
3426,richness1d,4
3426,richness2d,3
3427,richness1d,4
3427,richness2d,1
3429,richness1d,4
3429,richness2d,3
3431,richness1d,4
3431,richness2d,1
3432,richness1d,4
3432,richness2d,4
3434,richness1d,4
3434,richness2d,2
3435,richness1d,4
3435,richness2d,1
3437,richness1d,4
3437,richness2d,4
3439,richness1d,4
3439,richness2d,2
3440,richness1d,4
3440,richness2d,1
3445,richness1d,4
3445,richness2d,4
3447,richness1d,4
3447,richness2d,4
3448,richness1d,4
3448,richness2d,4
3449,richness1d,4
3449,richness2d,2
3450,richness1d,4
3450,richness2d,2
3452,richness1d,4
3452,richness2d,3
3456,richness1d,4
3456,richness2d,2
3462,richness1d,4
3462,richness2d,1
3463,richness1d,4
3463,richness2d,1
3466,richness1d,4
3466,richness2d,1
3468,richness1d,4
3468,richness2d,2
3469,richness1d,4
3469,richness2d,1
3472,richness1d,4
3472,richness2d,1
3474,richness1d,4
3474,richness2d,1
3475,richness1d,4
3475,richness2d,1
3482,richness1d,4
3482,richness2d,4
3483,richness1d,4
3483,richness2d,3
3485,richness1d,4
3485,richness2d,3
3486,richness1d,4
3486,richness2d,4
3487,richness1d,4
3487,richness2d,4
3489,richness1d,4
3489,richness2d,1
3490,richness1d,4
3490,richness2d,3
3492,richness1d,4
3492,richness2d,3
3495,richness1d,4
3495,richness2d,3
3496,richness1d,4
3496,richness2d,4
3497,richness1d,4
3497,richness2d,4
3498,richness1d,4
3498,richness2d,4
3499,richness1d,4
3499,richness2d,2
3500,richness1d,4
3500,richness2d,4
3501,richness1d,4
3501,richness2d,4
3502,richness1d,4
3502,richness2d,4
3503,richness1d,4
3503,richness2d,4
3505,richness1d,4
3505,richness2d,4
3506,richness1d,4
3506,richness2d,2
3507,richness1d,4
3507,richness2d,2
3508,richness1d,4
3508,richness2d,3
3509,richness1d,4
3509,richness2d,3
3510,richness1d,4
3510,richness2d,2
3511,richness1d,4
3511,richness2d,4
3512,richness1d,4
3512,richness2d,1
3514,richness1d,4
3514,richness2d,2
3518,richness1d,4
3518,richness2d,1
3519,richness1d,4
3519,richness2d,1
3520,richness1d,4
3520,richness2d,1
3523,richness1d,4
3523,richness2d,3
3525,richness1d,4
3525,richness2d,4
3526,richness1d,4
3526,richness2d,2
3527,richness1d,4
3527,richness2d,2
3528,richness1d,4
3528,richness2d,1
3529,richness1d,4
3529,richness2d,1
3530,richness1d,4
3530,richness2d,3
3535,richness1d,4
3535,richness2d,4
3537,richness1d,4
3537,richness2d,2
3539,richness1d,4
3539,richness2d,1
3541,richness1d,4
3541,richness2d,1
3544,richness1d,4
3544,richness2d,1
3546,richness1d,4
3546,richness2d,4
3548,richness1d,4
3548,richness2d,3
3550,richness1d,4
3550,richness2d,3
3551,richness1d,4
3551,richness2d,4
3552,richness1d,4
3552,richness2d,4
3553,richness1d,4
3553,richness2d,4
3554,richness1d,4
3554,richness2d,1
3555,richness1d,4
3555,richness2d,3
3556,richness1d,4
3556,richness2d,1
3558,richness1d,4
3558,richness2d,3
3563,richness1d,4
3563,richness2d,4
3565,richness1d,4
3565,richness2d,1
3566,richness1d,4
3566,richness2d,1
3567,richness1d,4
3567,richness2d,1
3568,richness1d,4
3568,richness2d,3
3574,richness1d,4
3574,richness2d,3
3575,richness1d,4
3575,richness2d,4
3578,richness1d,4
3578,richness2d,3
3581,richness1d,4
3581,richness2d,1
3583,richness1d,4
3583,richness2d,4
3585,richness1d,4
3585,richness2d,2
3586,richness1d,4
3586,richness2d,1
3587,richness1d,4
3587,richness2d,3
3589,richness1d,4
3589,richness2d,4
3596,richness1d,4
3596,richness2d,1
3597,richness1d,4
3597,richness2d,2
3598,richness1d,4
3598,richness2d,1
3601,richness1d,4
3601,richness2d,3
3603,richness1d,4
3603,richness2d,1
3606,richness1d,4
3606,richness2d,1
3608,richness1d,4
3608,richness2d,2
3611,richness1d,4
3611,richness2d,3
3612,richness1d,4
3612,richness2d,2
3613,richness1d,4
3613,richness2d,4
3617,richness1d,4
3617,richness2d,1
3618,richness1d,4
3618,richness2d,1
3619,richness1d,4
3619,richness2d,1
3620,richness1d,4
3620,richness2d,2
3622,richness1d,4
3622,richness2d,2
3623,richness1d,4
3623,richness2d,2
3624,richness1d,4
3624,richness2d,4
3628,richness1d,4
3628,richness2d,4
3629,richness1d,4
3629,richness2d,1
3630,richness1d,4
3630,richness2d,1
3635,richness1d,4
3635,richness2d,2
3636,richness1d,4
3636,richness2d,2
3637,richness1d,4
3637,richness2d,3
3638,richness1d,4
3638,richness2d,3
3639,richness1d,4
3639,richness2d,1
3641,richness1d,4
3641,richness2d,4
3643,richness1d,4
3643,richness2d,1
3646,richness1d,4
3646,richness2d,1
3647,richness1d,4
3647,richness2d,2
3648,richness1d,4
3648,richness2d,2
3649,richness1d,4
3649,richness2d,3
3650,richness1d,4
3650,richness2d,1
3651,richness1d,4
3651,richness2d,4
3654,richness1d,4
3654,richness2d,4
3656,richness1d,4
3656,richness2d,4
3657,richness1d,4
3657,richness2d,4
3659,richness1d,4
3659,richness2d,1
3660,richness1d,4
3660,richness2d,1
3662,richness1d,4
3662,richness2d,4
3666,richness1d,4
3666,richness2d,2
3668,richness1d,4
3668,richness2d,4
3669,richness1d,4
3669,richness2d,3
3671,richness1d,4
3671,richness2d,4
3672,richness1d,4
3672,richness2d,1
3674,richness1d,4
3674,richness2d,2
3675,richness1d,4
3675,richness2d,1
3677,richness1d,4
3677,richness2d,4
3678,richness1d,4
3678,richness2d,4
3679,richness1d,4
3679,richness2d,4
3681,richness1d,4
3681,richness2d,1
3682,richness1d,4
3682,richness2d,3
3683,richness1d,4
3683,richness2d,2
3684,richness1d,4
3684,richness2d,1
3686,richness1d,4
3686,richness2d,4
3688,richness1d,4
3688,richness2d,1
3689,richness1d,4
3689,richness2d,4
3693,richness1d,4
3693,richness2d,4
3694,richness1d,4
3694,richness2d,4
3695,richness1d,4
3695,richness2d,4
3696,richness1d,4
3696,richness2d,4
3698,richness1d,4
3698,richness2d,1
3699,richness1d,4
3699,richness2d,3
3700,richness1d,4
3700,richness2d,1
3701,richness1d,4
3701,richness2d,2
3703,richness1d,4
3703,richness2d,4
3705,richness1d,4
3705,richness2d,2
3706,richness1d,4
3706,richness2d,1
3707,richness1d,4
3707,richness2d,4
3709,richness1d,4
3709,richness2d,3
3710,richness1d,4
3710,richness2d,1
3712,richness1d,4
3712,richness2d,2
3719,richness1d,4
3719,richness2d,2
3720,richness1d,4
3720,richness2d,4
3721,richness1d,4
3721,richness2d,1
3722,richness1d,4
3722,richness2d,1
3723,richness1d,4
3723,richness2d,1
3725,richness1d,4
3725,richness2d,1
3728,richness1d,4
3728,richness2d,1
3729,richness1d,4
3729,richness2d,4
3730,richness1d,4
3730,richness2d,1
3731,richness1d,4
3731,richness2d,1
3732,richness1d,4
3732,richness2d,4
3733,richness1d,4
3733,richness2d,3
3737,richness1d,4
3737,richness2d,3
3738,richness1d,4
3738,richness2d,4
3740,richness1d,4
3740,richness2d,4
3741,richness1d,4
3741,richness2d,2
3742,richness1d,4
3742,richness2d,3
3743,richness1d,4
3743,richness2d,1
3744,richness1d,4
3744,richness2d,2
3745,richness1d,4
3745,richness2d,3
3747,richness1d,4
3747,richness2d,2
3749,richness1d,4
3749,richness2d,4
3751,richness1d,4
3751,richness2d,3
3752,richness1d,4
3752,richness2d,3
3753,richness1d,4
3753,richness2d,3
3754,richness1d,4
3754,richness2d,4
3756,richness1d,4
3756,richness2d,2
3757,richness1d,4
3757,richness2d,1
3758,richness1d,4
3758,richness2d,2
3760,richness1d,4
3760,richness2d,4
3768,richness1d,4
3768,richness2d,3
3769,richness1d,4
3769,richness2d,1
3770,richness1d,4
3770,richness2d,1
3772,richness1d,4
3772,richness2d,2
3773,richness1d,4
3773,richness2d,4
3774,richness1d,4
3774,richness2d,1
3775,richness1d,4
3775,richness2d,3
3777,richness1d,4
3777,richness2d,4
3778,richness1d,4
3778,richness2d,2
3779,richness1d,4
3779,richness2d,1
3782,richness1d,4
3782,richness2d,1
3785,richness1d,4
3785,richness2d,4
3786,richness1d,4
3786,richness2d,4
3788,richness1d,4
3788,richness2d,4
3791,richness1d,4
3791,richness2d,3
3793,richness1d,4
3793,richness2d,3
3795,richness1d,4
3795,richness2d,1
3799,richness1d,4
3799,richness2d,1
3800,richness1d,4
3800,richness2d,2
3801,richness1d,4
3801,richness2d,1
3802,richness1d,4
3802,richness2d,2
3803,richness1d,4
3803,richness2d,4
3804,richness1d,4
3804,richness2d,2
3805,richness1d,4
3805,richness2d,4
3807,richness1d,4
3807,richness2d,4
3812,richness1d,4
3812,richness2d,4
3815,richness1d,4
3815,richness2d,4
3816,richness1d,4
3816,richness2d,4
3817,richness1d,4
3817,richness2d,2
3821,richness1d,4
3821,richness2d,4
3822,richness1d,4
3822,richness2d,1
3824,richness1d,4
3824,richness2d,4
3825,richness1d,4
3825,richness2d,3
3828,richness1d,4
3828,richness2d,3
3829,richness1d,4
3829,richness2d,2
3830,richness1d,4
3830,richness2d,4
3831,richness1d,4
3831,richness2d,3
3833,richness1d,4
3833,richness2d,3
3834,richness1d,4
3834,richness2d,2
3835,richness1d,4
3835,richness2d,4
3836,richness1d,4
3836,richness2d,4
3837,richness1d,4
3837,richness2d,4
3838,richness1d,4
3838,richness2d,3
3839,richness1d,4
3839,richness2d,4
3840,richness1d,4
3840,richness2d,4
3841,richness1d,4
3841,richness2d,1
3843,richness1d,4
3843,richness2d,1
3845,richness1d,4
3845,richness2d,1
3846,richness1d,4
3846,richness2d,4
3847,richness1d,4
3847,richness2d,1
3849,richness1d,4
3849,richness2d,1
3850,richness1d,4
3850,richness2d,4
3851,richness1d,4
3851,richness2d,2
3852,richness1d,4
3852,richness2d,3
3853,richness1d,4
3853,richness2d,2
3854,richness1d,4
3854,richness2d,3
3855,richness1d,4
3855,richness2d,1
3856,richness1d,4
3856,richness2d,4
3861,richness1d,4
3861,richness2d,3
3862,richness1d,4
3862,richness2d,1
3865,richness1d,4
3865,richness2d,3
3868,richness1d,4
3868,richness2d,3
3869,richness1d,4
3869,richness2d,1
3870,richness1d,4
3870,richness2d,4
3874,richness1d,4
3874,richness2d,3
3875,richness1d,4
3875,richness2d,4
3879,richness1d,4
3879,richness2d,2
3882,richness1d,4
3882,richness2d,2
3883,richness1d,4
3883,richness2d,4
3885,richness1d,4
3885,richness2d,4
3887,richness1d,4
3887,richness2d,4
3888,richness1d,4
3888,richness2d,4
3889,richness1d,4
3889,richness2d,4
3890,richness1d,4
3890,richness2d,3
3891,richness1d,4
3891,richness2d,4
3892,richness1d,4
3892,richness2d,1
3893,richness1d,4
3893,richness2d,1
3894,richness1d,4
3894,richness2d,4
3895,richness1d,4
3895,richness2d,1
3898,richness1d,4
3898,richness2d,4
3900,richness1d,4
3900,richness2d,3
3901,richness1d,4
3901,richness2d,4
3903,richness1d,4
3903,richness2d,4
3904,richness1d,4
3904,richness2d,3
3905,richness1d,4
3905,richness2d,2
3906,richness1d,4
3906,richness2d,2
3907,richness1d,4
3907,richness2d,1
3908,richness1d,4
3908,richness2d,2
3910,richness1d,4
3910,richness2d,2
3911,richness1d,4
3911,richness2d,4
3912,richness1d,4
3912,richness2d,3
3913,richness1d,4
3913,richness2d,3
3915,richness1d,4
3915,richness2d,4
3918,richness1d,4
3918,richness2d,2
3919,richness1d,4
3919,richness2d,2
3920,richness1d,4
3920,richness2d,4
3921,richness1d,4
3921,richness2d,2
3923,richness1d,4
3923,richness2d,1
3924,richness1d,4
3924,richness2d,4
3926,richness1d,4
3926,richness2d,4
3927,richness1d,4
3927,richness2d,2
3928,richness1d,4
3928,richness2d,1
3929,richness1d,4
3929,richness2d,1
3930,richness1d,4
3930,richness2d,2
3931,richness1d,4
3931,richness2d,2
3932,richness1d,4
3932,richness2d,1
3933,richness1d,4
3933,richness2d,2
3934,richness1d,4
3934,richness2d,4
3935,richness1d,4
3935,richness2d,4
3936,richness1d,4
3936,richness2d,4
3937,richness1d,4
3937,richness2d,2
3938,richness1d,4
3938,richness2d,3
3939,richness1d,4
3939,richness2d,3
3940,richness1d,4
3940,richness2d,2
3941,richness1d,4
3941,richness2d,2
3942,richness1d,4
3942,richness2d,2
3943,richness1d,4
3943,richness2d,4
3945,richness1d,4
3945,richness2d,1
3946,richness1d,4
3946,richness2d,4
3947,richness1d,4
3947,richness2d,4
3948,richness1d,4
3948,richness2d,3
3952,richness1d,4
3952,richness2d,2
3953,richness1d,4
3953,richness2d,3
3955,richness1d,4
3955,richness2d,1
3959,richness1d,4
3959,richness2d,4
3960,richness1d,4
3960,richness2d,2
3964,richness1d,4
3964,richness2d,4
3965,richness1d,4
3965,richness2d,4
3966,richness1d,4
3966,richness2d,4
3967,richness1d,4
3967,richness2d,1
3970,richness1d,4
3970,richness2d,3
3974,richness1d,4
3974,richness2d,1
3975,richness1d,4
3975,richness2d,1
3976,richness1d,4
3976,richness2d,3
3980,richness1d,4
3980,richness2d,4
3982,richness1d,4
3982,richness2d,1
3984,richness1d,4
3984,richness2d,1
3985,richness1d,4
3985,richness2d,4
3987,richness1d,4
3987,richness2d,3
3988,richness1d,4
3988,richness2d,4
3989,richness1d,4
3989,richness2d,2
3990,richness1d,4
3990,richness2d,2
3991,richness1d,4
3991,richness2d,1
3992,richness1d,4
3992,richness2d,2
3994,richness1d,4
3994,richness2d,4
3995,richness1d,4
3995,richness2d,3
3996,richness1d,4
3996,richness2d,2
3997,richness1d,4
3997,richness2d,4
3999,richness1d,4
3999,richness2d,3
4000,richness1d,4
4000,richness2d,4
4003,richness1d,4
4003,richness2d,3
4004,richness1d,4
4004,richness2d,1
4005,richness1d,4
4005,richness2d,4
4006,richness1d,4
4006,richness2d,1
4007,richness1d,4
4007,richness2d,4
4008,richness1d,4
4008,richness2d,1
4009,richness1d,4
4009,richness2d,4
4010,richness1d,4
4010,richness2d,4
4011,richness1d,4
4011,richness2d,3
4012,richness1d,4
4012,richness2d,2
4014,richness1d,4
4014,richness2d,4
4016,richness1d,4
4016,richness2d,3
4017,richness1d,4
4017,richness2d,4
4018,richness1d,4
4018,richness2d,3
4019,richness1d,4
4019,richness2d,3
4021,richness1d,4
4021,richness2d,4
4025,richness1d,4
4025,richness2d,4
4026,richness1d,4
4026,richness2d,4
4027,richness1d,4
4027,richness2d,2
4028,richness1d,4
4028,richness2d,4
4029,richness1d,4
4029,richness2d,1
4030,richness1d,4
4030,richness2d,2
4031,richness1d,4
4031,richness2d,4
4032,richness1d,4
4032,richness2d,4
4033,richness1d,4
4033,richness2d,4
4034,richness1d,4
4034,richness2d,2
4035,richness1d,4
4035,richness2d,2
4036,richness1d,4
4036,richness2d,1
4041,richness1d,4
4041,richness2d,2
4042,richness1d,4
4042,richness2d,1
4043,richness1d,4
4043,richness2d,4
4045,richness1d,4
4045,richness2d,4
4046,richness1d,4
4046,richness2d,4
4047,richness1d,4
4047,richness2d,4
4048,richness1d,4
4048,richness2d,1
4049,richness1d,4
4049,richness2d,4
4051,richness1d,4
4051,richness2d,2
4052,richness1d,4
4052,richness2d,3
4053,richness1d,4
4053,richness2d,4
4055,richness1d,4
4055,richness2d,4
4056,richness1d,4
4056,richness2d,3
4058,richness1d,4
4058,richness2d,1
4059,richness1d,4
4059,richness2d,4
4061,richness1d,4
4061,richness2d,1
4062,richness1d,4
4062,richness2d,3
4063,richness1d,4
4063,richness2d,3
4065,richness1d,4
4065,richness2d,4
4066,richness1d,4
4066,richness2d,4
4068,richness1d,4
4068,richness2d,1
4069,richness1d,4
4069,richness2d,2
4070,richness1d,4
4070,richness2d,4
4071,richness1d,4
4071,richness2d,3
4073,richness1d,4
4073,richness2d,1
4075,richness1d,4
4075,richness2d,4
4076,richness1d,4
4076,richness2d,3
4078,richness1d,4
4078,richness2d,4
4080,richness1d,4
4080,richness2d,4
4081,richness1d,4
4081,richness2d,4
4082,richness1d,4
4082,richness2d,3
4083,richness1d,4
4083,richness2d,3
4084,richness1d,4
4084,richness2d,2
4086,richness1d,4
4086,richness2d,1
4087,richness1d,4
4087,richness2d,4
4088,richness1d,4
4088,richness2d,4
4089,richness1d,4
4089,richness2d,3
4090,richness1d,4
4090,richness2d,3
4091,richness1d,4
4091,richness2d,2
4094,richness1d,4
4094,richness2d,2
4095,richness1d,4
4095,richness2d,2
4096,richness1d,4
4096,richness2d,4
4097,richness1d,4
4097,richness2d,4
4101,richness1d,4
4101,richness2d,4
4103,richness1d,4
4103,richness2d,4
4105,richness1d,4
4105,richness2d,4
4106,richness1d,4
4106,richness2d,1
4108,richness1d,4
4108,richness2d,4
4109,richness1d,4
4109,richness2d,4
4110,richness1d,4
4110,richness2d,2
4111,richness1d,4
4111,richness2d,2
4112,richness1d,4
4112,richness2d,2
4113,richness1d,4
4113,richness2d,4
4114,richness1d,4
4114,richness2d,4
4117,richness1d,4
4117,richness2d,2
4118,richness1d,4
4118,richness2d,2
4119,richness1d,4
4119,richness2d,4
4121,richness1d,4
4121,richness2d,3
4122,richness1d,4
4122,richness2d,2
4123,richness1d,4
4123,richness2d,3
4124,richness1d,4
4124,richness2d,4
4125,richness1d,4
4125,richness2d,1
4126,richness1d,4
4126,richness2d,4
4128,richness1d,4
4128,richness2d,4
4129,richness1d,4
4129,richness2d,2
4130,richness1d,4
4130,richness2d,4
4131,richness1d,4
4131,richness2d,2
4132,richness1d,4
4132,richness2d,2
4133,richness1d,4
4133,richness2d,3
4134,richness1d,4
4134,richness2d,4
4135,richness1d,4
4135,richness2d,4
4137,richness1d,4
4137,richness2d,4
4138,richness1d,4
4138,richness2d,1
4139,richness1d,4
4139,richness2d,4
4141,richness1d,4
4141,richness2d,3
4143,richness1d,4
4143,richness2d,4
4144,richness1d,4
4144,richness2d,3
4146,richness1d,4
4146,richness2d,4
4147,richness1d,4
4147,richness2d,4
4150,richness1d,4
4150,richness2d,3
4152,richness1d,4
4152,richness2d,4
4153,richness1d,4
4153,richness2d,4
4154,richness1d,4
4154,richness2d,4
4155,richness1d,4
4155,richness2d,2
4157,richness1d,4
4157,richness2d,1
4158,richness1d,4
4158,richness2d,4
4160,richness1d,4
4160,richness2d,4
4161,richness1d,4
4161,richness2d,2
4162,richness1d,4
4162,richness2d,4
4163,richness1d,4
4163,richness2d,1
4164,richness1d,4
4164,richness2d,4
4166,richness1d,4
4166,richness2d,1
4167,richness1d,4
4167,richness2d,1
4168,richness1d,4
4168,richness2d,4
4169,richness1d,4
4169,richness2d,4
4170,richness1d,4
4170,richness2d,4
4172,richness1d,4
4172,richness2d,2
4173,richness1d,4
4173,richness2d,2
4174,richness1d,4
4174,richness2d,4
4175,richness1d,4
4175,richness2d,1
4180,richness1d,4
4180,richness2d,1
4181,richness1d,4
4181,richness2d,4
4182,richness1d,4
4182,richness2d,2
4183,richness1d,4
4183,richness2d,4
4184,richness1d,4
4184,richness2d,1
4185,richness1d,4
4185,richness2d,3
4187,richness1d,4
4187,richness2d,2
4188,richness1d,4
4188,richness2d,2
4189,richness1d,4
4189,richness2d,1
4190,richness1d,4
4190,richness2d,4
4192,richness1d,4
4192,richness2d,4
4193,richness1d,4
4193,richness2d,3
4194,richness1d,4
4194,richness2d,4
4195,richness1d,4
4195,richness2d,1
4196,richness1d,4
4196,richness2d,2
4197,richness1d,4
4197,richness2d,2
4199,richness1d,4
4199,richness2d,3
4200,richness1d,4
4200,richness2d,2
4201,richness1d,4
4201,richness2d,2
4202,richness1d,4
4202,richness2d,2
4204,richness1d,4
4204,richness2d,3
4205,richness1d,4
4205,richness2d,3
4206,richness1d,4
4206,richness2d,4
4209,richness1d,4
4209,richness2d,4
4212,richness1d,4
4212,richness2d,4
4213,richness1d,4
4213,richness2d,2
4214,richness1d,4
4214,richness2d,3
4215,richness1d,4
4215,richness2d,3
4216,richness1d,4
4216,richness2d,2
4217,richness1d,4
4217,richness2d,3
4218,richness1d,4
4218,richness2d,4
4220,richness1d,4
4220,richness2d,3
4221,richness1d,4
4221,richness2d,3
4222,richness1d,4
4222,richness2d,4
4224,richness1d,4
4224,richness2d,2
4225,richness1d,4
4225,richness2d,2
4228,richness1d,4
4228,richness2d,4
4229,richness1d,4
4229,richness2d,1
4230,richness1d,4
4230,richness2d,3
4231,richness1d,4
4231,richness2d,4
4232,richness1d,4
4232,richness2d,4
4234,richness1d,4
4234,richness2d,1
4235,richness1d,4
4235,richness2d,4
4236,richness1d,4
4236,richness2d,2
4238,richness1d,4
4238,richness2d,4
4239,richness1d,4
4239,richness2d,3
4241,richness1d,4
4241,richness2d,4
4242,richness1d,4
4242,richness2d,4
4243,richness1d,4
4243,richness2d,4
4244,richness1d,4
4244,richness2d,1
4246,richness1d,4
4246,richness2d,3
4248,richness1d,4
4248,richness2d,4
4249,richness1d,4
4249,richness2d,2
4250,richness1d,4
4250,richness2d,2
4251,richness1d,4
4251,richness2d,4
4252,richness1d,4
4252,richness2d,4
4253,richness1d,4
4253,richness2d,4
4254,richness1d,4
4254,richness2d,4
4255,richness1d,4
4255,richness2d,4
4256,richness1d,4
4256,richness2d,4
4257,richness1d,4
4257,richness2d,4
4258,richness1d,4
4258,richness2d,4
4259,richness1d,4
4259,richness2d,3
4260,richness1d,4
4260,richness2d,1
4262,richness1d,4
4262,richness2d,4
4263,richness1d,4
4263,richness2d,1
4264,richness1d,4
4264,richness2d,3
4268,richness1d,4
4268,richness2d,2
4269,richness1d,4
4269,richness2d,1
4274,richness1d,4
4274,richness2d,4
4275,richness1d,4
4275,richness2d,2
4276,richness1d,4
4276,richness2d,2
4277,richness1d,4
4277,richness2d,1
4278,richness1d,4
4278,richness2d,1
4279,richness1d,4
4279,richness2d,2
4280,richness1d,4
4280,richness2d,4
4282,richness1d,4
4282,richness2d,1
4284,richness1d,4
4284,richness2d,1
4287,richness1d,4
4287,richness2d,1
4288,richness1d,4
4288,richness2d,2
4289,richness1d,4
4289,richness2d,4
4290,richness1d,4
4290,richness2d,1
4291,richness1d,4
4291,richness2d,4
4292,richness1d,4
4292,richness2d,2
4294,richness1d,4
4294,richness2d,4
4295,richness1d,4
4295,richness2d,1
4297,richness1d,4
4297,richness2d,2
4298,richness1d,4
4298,richness2d,3
4299,richness1d,4
4299,richness2d,1
4300,richness1d,4
4300,richness2d,4
4302,richness1d,4
4302,richness2d,4
4304,richness1d,4
4304,richness2d,3
4306,richness1d,4
4306,richness2d,3
4307,richness1d,4
4307,richness2d,3
4308,richness1d,4
4308,richness2d,3
4309,richness1d,4
4309,richness2d,4
4310,richness1d,4
4310,richness2d,1
4311,richness1d,4
4311,richness2d,4
4312,richness1d,4
4312,richness2d,3
4313,richness1d,4
4313,richness2d,4
4314,richness1d,4
4314,richness2d,4
4317,richness1d,4
4317,richness2d,1
4319,richness1d,4
4319,richness2d,2
4320,richness1d,4
4320,richness2d,3
4322,richness1d,4
4322,richness2d,3
4323,richness1d,4
4323,richness2d,1
4324,richness1d,4
4324,richness2d,4
4326,richness1d,4
4326,richness2d,3
4327,richness1d,4
4327,richness2d,4
4328,richness1d,4
4328,richness2d,4
4329,richness1d,4
4329,richness2d,3
4330,richness1d,4
4330,richness2d,2
4333,richness1d,4
4333,richness2d,2
4334,richness1d,4
4334,richness2d,4
4335,richness1d,4
4335,richness2d,2
4336,richness1d,4
4336,richness2d,2
4337,richness1d,4
4337,richness2d,4
4340,richness1d,4
4340,richness2d,4
4341,richness1d,4
4341,richness2d,4
4342,richness1d,4
4342,richness2d,1
4343,richness1d,4
4343,richness2d,1
4344,richness1d,4
4344,richness2d,4
4345,richness1d,4
4345,richness2d,4
4346,richness1d,4
4346,richness2d,4
4347,richness1d,4
4347,richness2d,1
4348,richness1d,4
4348,richness2d,4
4349,richness1d,4
4349,richness2d,4
4350,richness1d,4
4350,richness2d,2
4351,richness1d,4
4351,richness2d,4
4352,richness1d,4
4352,richness2d,1
4353,richness1d,4
4353,richness2d,4
4354,richness1d,4
4354,richness2d,4
4356,richness1d,4
4356,richness2d,2
4357,richness1d,4
4357,richness2d,3
4358,richness1d,4
4358,richness2d,2
4359,richness1d,4
4359,richness2d,3
4360,richness1d,4
4360,richness2d,3
4361,richness1d,4
4361,richness2d,4
4362,richness1d,4
4362,richness2d,4
4363,richness1d,4
4363,richness2d,4
4365,richness1d,4
4365,richness2d,4
4366,richness1d,4
4366,richness2d,1
4368,richness1d,4
4368,richness2d,4
4369,richness1d,4
4369,richness2d,4
4370,richness1d,4
4370,richness2d,4
4371,richness1d,4
4371,richness2d,1
4372,richness1d,4
4372,richness2d,3
4374,richness1d,4
4374,richness2d,4
4375,richness1d,4
4375,richness2d,3
4376,richness1d,4
4376,richness2d,4
4378,richness1d,4
4378,richness2d,4
4380,richness1d,4
4380,richness2d,3
4381,richness1d,4
4381,richness2d,4
4382,richness1d,4
4382,richness2d,4
4383,richness1d,4
4383,richness2d,4
4384,richness1d,4
4384,richness2d,3
4387,richness1d,4
4387,richness2d,1
4389,richness1d,4
4389,richness2d,3
4390,richness1d,4
4390,richness2d,4
4392,richness1d,4
4392,richness2d,4
4393,richness1d,4
4393,richness2d,4
4395,richness1d,4
4395,richness2d,4
4396,richness1d,4
4396,richness2d,1
4397,richness1d,4
4397,richness2d,3
4398,richness1d,4
4398,richness2d,4
4399,richness1d,4
4399,richness2d,4
4401,richness1d,4
4401,richness2d,1
4402,richness1d,4
4402,richness2d,3
4403,richness1d,4
4403,richness2d,3
4404,richness1d,4
4404,richness2d,4
4405,richness1d,4
4405,richness2d,4
4406,richness1d,4
4406,richness2d,4
4407,richness1d,4
4407,richness2d,4
4408,richness1d,4
4408,richness2d,4
4409,richness1d,4
4409,richness2d,4
4410,richness1d,4
4410,richness2d,3
4411,richness1d,4
4411,richness2d,2
4412,richness1d,4
4412,richness2d,1
4413,richness1d,4
4413,richness2d,2
4414,richness1d,4
4414,richness2d,4
4416,richness1d,4
4416,richness2d,3
4417,richness1d,4
4417,richness2d,1
4419,richness1d,4
4419,richness2d,2
4420,richness1d,4
4420,richness2d,4
4422,richness1d,4
4422,richness2d,4
4423,richness1d,4
4423,richness2d,2
4424,richness1d,4
4424,richness2d,1
4427,richness1d,4
4427,richness2d,3
4429,richness1d,4
4429,richness2d,1
4430,richness1d,4
4430,richness2d,3
4431,richness1d,4
4431,richness2d,1
4433,richness1d,4
4433,richness2d,4
4434,richness1d,4
4434,richness2d,3
4435,richness1d,4
4435,richness2d,4
4436,richness1d,4
4436,richness2d,3
4437,richness1d,4
4437,richness2d,4
4438,richness1d,4
4438,richness2d,2
4439,richness1d,4
4439,richness2d,3
4441,richness1d,4
4441,richness2d,4
4442,richness1d,4
4442,richness2d,4
4443,richness1d,4
4443,richness2d,2
4444,richness1d,4
4444,richness2d,4
4445,richness1d,4
4445,richness2d,3
4449,richness1d,4
4449,richness2d,4
4450,richness1d,4
4450,richness2d,4
4451,richness1d,4
4451,richness2d,4
4453,richness1d,4
4453,richness2d,4
4456,richness1d,4
4456,richness2d,3
4458,richness1d,4
4458,richness2d,4
4460,richness1d,4
4460,richness2d,2
4461,richness1d,4
4461,richness2d,4
4463,richness1d,4
4463,richness2d,3
4464,richness1d,4
4464,richness2d,4
4465,richness1d,4
4465,richness2d,4
4467,richness1d,4
4467,richness2d,3
4471,richness1d,4
4471,richness2d,1
4472,richness1d,4
4472,richness2d,2
4473,richness1d,4
4473,richness2d,4
4474,richness1d,4
4474,richness2d,1
4477,richness1d,4
4477,richness2d,2
4479,richness1d,4
4479,richness2d,4
4482,richness1d,4
4482,richness2d,2
4483,richness1d,4
4483,richness2d,4
4484,richness1d,4
4484,richness2d,4
4485,richness1d,4
4485,richness2d,3
4486,richness1d,4
4486,richness2d,4
4489,richness1d,4
4489,richness2d,1
4490,richness1d,4
4490,richness2d,1
4492,richness1d,4
4492,richness2d,3
4493,richness1d,4
4493,richness2d,4
4495,richness1d,4
4495,richness2d,4
4496,richness1d,4
4496,richness2d,1
4498,richness1d,4
4498,richness2d,3
4499,richness1d,4
4499,richness2d,4
4501,richness1d,4
4501,richness2d,4
4502,richness1d,4
4502,richness2d,1
4503,richness1d,4
4503,richness2d,2
4504,richness1d,4
4504,richness2d,1
4507,richness1d,4
4507,richness2d,3
4508,richness1d,4
4508,richness2d,3
4511,richness1d,4
4511,richness2d,4
4512,richness1d,4
4512,richness2d,4
4513,richness1d,4
4513,richness2d,4
4514,richness1d,4
4514,richness2d,4
4515,richness1d,4
4515,richness2d,2
4516,richness1d,4
4516,richness2d,4
4518,richness1d,4
4518,richness2d,4
4519,richness1d,4
4519,richness2d,3
4520,richness1d,4
4520,richness2d,4
4521,richness1d,4
4521,richness2d,4
4525,richness1d,4
4525,richness2d,3
4526,richness1d,4
4526,richness2d,3
4527,richness1d,4
4527,richness2d,3
4528,richness1d,4
4528,richness2d,4
4529,richness1d,4
4529,richness2d,1
4530,richness1d,4
4530,richness2d,3
4531,richness1d,4
4531,richness2d,2
4532,richness1d,4
4532,richness2d,2
4533,richness1d,4
4533,richness2d,4
4535,richness1d,4
4535,richness2d,3
4536,richness1d,4
4536,richness2d,2
4537,richness1d,4
4537,richness2d,4
4540,richness1d,4
4540,richness2d,4
4542,richness1d,4
4542,richness2d,1
4543,richness1d,4
4543,richness2d,4
4544,richness1d,4
4544,richness2d,1
4546,richness1d,4
4546,richness2d,2
4549,richness1d,4
4549,richness2d,4
4550,richness1d,4
4550,richness2d,4
4551,richness1d,4
4551,richness2d,4
4552,richness1d,4
4552,richness2d,4
4553,richness1d,4
4553,richness2d,4
4556,richness1d,4
4556,richness2d,2
4557,richness1d,4
4557,richness2d,4
4558,richness1d,4
4558,richness2d,4
4561,richness1d,4
4561,richness2d,3
4562,richness1d,4
4562,richness2d,2
4564,richness1d,4
4564,richness2d,4
4565,richness1d,4
4565,richness2d,3
4566,richness1d,4
4566,richness2d,2
4567,richness1d,4
4567,richness2d,4
4568,richness1d,4
4568,richness2d,3
4569,richness1d,4
4569,richness2d,4
4570,richness1d,4
4570,richness2d,4
4571,richness1d,4
4571,richness2d,4
4572,richness1d,4
4572,richness2d,4
4574,richness1d,4
4574,richness2d,4
4581,richness1d,4
4581,richness2d,2
4582,richness1d,4
4582,richness2d,2
4584,richness1d,4
4584,richness2d,4
4585,richness1d,4
4585,richness2d,1
4588,richness1d,4
4588,richness2d,1
4589,richness1d,4
4589,richness2d,3
4595,richness1d,4
4595,richness2d,1
4596,richness1d,4
4596,richness2d,4
4597,richness1d,4
4597,richness2d,4
4598,richness1d,4
4598,richness2d,1
4599,richness1d,4
4599,richness2d,3
4600,richness1d,4
4600,richness2d,4
4604,richness1d,4
4604,richness2d,1
4605,richness1d,4
4605,richness2d,4
4606,richness1d,4
4606,richness2d,4
4607,richness1d,4
4607,richness2d,4
4608,richness1d,4
4608,richness2d,4
4609,richness1d,4
4609,richness2d,4
4610,richness1d,4
4610,richness2d,1
4611,richness1d,4
4611,richness2d,4
4612,richness1d,4
4612,richness2d,4
4613,richness1d,4
4613,richness2d,4
4614,richness1d,4
4614,richness2d,1
4615,richness1d,4
4615,richness2d,3
4616,richness1d,4
4616,richness2d,4
4617,richness1d,4
4617,richness2d,1
4618,richness1d,4
4618,richness2d,1
4619,richness1d,4
4619,richness2d,4
4621,richness1d,4
4621,richness2d,2
4622,richness1d,4
4622,richness2d,3
4623,richness1d,4
4623,richness2d,2
4624,richness1d,4
4624,richness2d,1
4625,richness1d,4
4625,richness2d,4
4628,richness1d,4
4628,richness2d,4
4629,richness1d,4
4629,richness2d,1
4630,richness1d,4
4630,richness2d,2
4631,richness1d,4
4631,richness2d,4
4633,richness1d,4
4633,richness2d,3
4634,richness1d,4
4634,richness2d,4
4635,richness1d,4
4635,richness2d,2
4636,richness1d,4
4636,richness2d,3
4638,richness1d,4
4638,richness2d,4
4640,richness1d,4
4640,richness2d,2
4641,richness1d,4
4641,richness2d,2
4643,richness1d,4
4643,richness2d,4
4645,richness1d,4
4645,richness2d,4
4646,richness1d,4
4646,richness2d,3
4647,richness1d,4
4647,richness2d,1
4650,richness1d,4
4650,richness2d,4
4651,richness1d,4
4651,richness2d,3
4652,richness1d,4
4652,richness2d,4
4654,richness1d,4
4654,richness2d,1
4656,richness1d,4
4656,richness2d,3
4657,richness1d,4
4657,richness2d,2
4659,richness1d,4
4659,richness2d,4
4660,richness1d,4
4660,richness2d,4
4662,richness1d,4
4662,richness2d,1
4664,richness1d,4
4664,richness2d,3
4665,richness1d,4
4665,richness2d,4
4666,richness1d,4
4666,richness2d,4
4667,richness1d,4
4667,richness2d,4
4668,richness1d,4
4668,richness2d,2
4670,richness1d,4
4670,richness2d,1
4671,richness1d,4
4671,richness2d,4
4673,richness1d,4
4673,richness2d,4
4674,richness1d,4
4674,richness2d,3
4675,richness1d,4
4675,richness2d,4
4676,richness1d,4
4676,richness2d,4
4677,richness1d,4
4677,richness2d,3
4678,richness1d,4
4678,richness2d,1
4680,richness1d,4
4680,richness2d,2
4682,richness1d,4
4682,richness2d,4
4683,richness1d,4
4683,richness2d,3
4684,richness1d,4
4684,richness2d,4
4685,richness1d,4
4685,richness2d,2
4686,richness1d,4
4686,richness2d,1
4688,richness1d,4
4688,richness2d,1
4690,richness1d,4
4690,richness2d,3
4692,richness1d,4
4692,richness2d,1
4694,richness1d,4
4694,richness2d,4
4695,richness1d,4
4695,richness2d,4
4696,richness1d,4
4696,richness2d,1
4698,richness1d,4
4698,richness2d,4
4699,richness1d,4
4699,richness2d,3
4700,richness1d,4
4700,richness2d,4
4701,richness1d,4
4701,richness2d,1
4702,richness1d,4
4702,richness2d,3
4703,richness1d,4
4703,richness2d,3
4704,richness1d,4
4704,richness2d,4
4705,richness1d,4
4705,richness2d,4
4708,richness1d,4
4708,richness2d,4
4709,richness1d,4
4709,richness2d,4
4710,richness1d,4
4710,richness2d,1
4712,richness1d,4
4712,richness2d,4
4714,richness1d,4
4714,richness2d,2
4715,richness1d,4
4715,richness2d,3
4716,richness1d,4
4716,richness2d,2
4717,richness1d,4
4717,richness2d,4
4718,richness1d,4
4718,richness2d,4
4721,richness1d,4
4721,richness2d,4
4723,richness1d,4
4723,richness2d,1
4724,richness1d,4
4724,richness2d,4
4725,richness1d,4
4725,richness2d,1
4727,richness1d,4
4727,richness2d,4
4728,richness1d,4
4728,richness2d,3
4729,richness1d,4
4729,richness2d,4
4732,richness1d,4
4732,richness2d,1
4733,richness1d,4
4733,richness2d,1
4734,richness1d,4
4734,richness2d,3
4736,richness1d,4
4736,richness2d,1
4737,richness1d,4
4737,richness2d,1
4740,richness1d,4
4740,richness2d,3
4741,richness1d,4
4741,richness2d,4
4744,richness1d,4
4744,richness2d,1
4745,richness1d,4
4745,richness2d,4
4746,richness1d,4
4746,richness2d,4
4747,richness1d,4
4747,richness2d,1
4748,richness1d,4
4748,richness2d,3
4749,richness1d,4
4749,richness2d,4
4750,richness1d,4
4750,richness2d,2
4753,richness1d,4
4753,richness2d,3
4757,richness1d,4
4757,richness2d,3
4759,richness1d,4
4759,richness2d,4
4760,richness1d,4
4760,richness2d,4
4763,richness1d,4
4763,richness2d,4
4764,richness1d,4
4764,richness2d,1
4765,richness1d,4
4765,richness2d,4
4767,richness1d,4
4767,richness2d,1
4768,richness1d,4
4768,richness2d,4
4771,richness1d,4
4771,richness2d,1
4772,richness1d,4
4772,richness2d,3
4773,richness1d,4
4773,richness2d,1
4775,richness1d,4
4775,richness2d,4
4776,richness1d,4
4776,richness2d,4
4777,richness1d,4
4777,richness2d,3
4778,richness1d,4
4778,richness2d,4
4779,richness1d,4
4779,richness2d,3
4781,richness1d,4
4781,richness2d,1
4782,richness1d,4
4782,richness2d,4
4783,richness1d,4
4783,richness2d,4
4784,richness1d,4
4784,richness2d,3
4785,richness1d,4
4785,richness2d,4
4787,richness1d,4
4787,richness2d,2
4788,richness1d,4
4788,richness2d,4
4789,richness1d,4
4789,richness2d,2
4790,richness1d,4
4790,richness2d,4
4792,richness1d,4
4792,richness2d,4
4794,richness1d,4
4794,richness2d,4
4796,richness1d,4
4796,richness2d,4
4797,richness1d,4
4797,richness2d,2
4798,richness1d,4
4798,richness2d,1
4799,richness1d,4
4799,richness2d,4
4800,richness1d,4
4800,richness2d,4
4801,richness1d,4
4801,richness2d,3
4802,richness1d,4
4802,richness2d,3
4803,richness1d,4
4803,richness2d,2
4804,richness1d,4
4804,richness2d,4
4805,richness1d,4
4805,richness2d,4
4806,richness1d,4
4806,richness2d,4
4807,richness1d,4
4807,richness2d,1
4808,richness1d,4
4808,richness2d,3
4809,richness1d,4
4809,richness2d,1
4810,richness1d,4
4810,richness2d,2
4813,richness1d,4
4813,richness2d,4
4814,richness1d,4
4814,richness2d,4
4815,richness1d,4
4815,richness2d,4
4816,richness1d,4
4816,richness2d,3
4817,richness1d,4
4817,richness2d,4
4820,richness1d,4
4820,richness2d,4
4821,richness1d,4
4821,richness2d,4
4822,richness1d,4
4822,richness2d,4
4823,richness1d,4
4823,richness2d,1
4824,richness1d,4
4824,richness2d,4
4827,richness1d,4
4827,richness2d,4
4828,richness1d,4
4828,richness2d,4
4829,richness1d,4
4829,richness2d,4
4830,richness1d,4
4830,richness2d,3
4831,richness1d,4
4831,richness2d,4
4833,richness1d,4
4833,richness2d,4
4834,richness1d,4
4834,richness2d,4
4835,richness1d,4
4835,richness2d,4
4836,richness1d,4
4836,richness2d,3
4838,richness1d,4
4838,richness2d,4
4839,richness1d,4
4839,richness2d,1
4840,richness1d,4
4840,richness2d,3
4842,richness1d,4
4842,richness2d,3
4843,richness1d,4
4843,richness2d,4
4846,richness1d,4
4846,richness2d,4
4847,richness1d,4
4847,richness2d,2
4848,richness1d,4
4848,richness2d,4
4851,richness1d,4
4851,richness2d,4
4852,richness1d,4
4852,richness2d,2
4853,richness1d,4
4853,richness2d,4
4857,richness1d,4
4857,richness2d,4
4858,richness1d,4
4858,richness2d,3
4859,richness1d,4
4859,richness2d,4
4860,richness1d,4
4860,richness2d,4
4861,richness1d,4
4861,richness2d,4
4863,richness1d,4
4863,richness2d,1
4864,richness1d,4
4864,richness2d,3
4865,richness1d,4
4865,richness2d,4
4866,richness1d,4
4866,richness2d,2
4867,richness1d,4
4867,richness2d,4
4868,richness1d,4
4868,richness2d,3
4869,richness1d,4
4869,richness2d,3
4871,richness1d,4
4871,richness2d,4
4872,richness1d,4
4872,richness2d,3
4873,richness1d,4
4873,richness2d,2
4875,richness1d,4
4875,richness2d,3
4877,richness1d,4
4877,richness2d,4
4878,richness1d,4
4878,richness2d,3
4881,richness1d,4
4881,richness2d,3
4883,richness1d,4
4883,richness2d,4
4884,richness1d,4
4884,richness2d,4
4886,richness1d,4
4886,richness2d,3
4887,richness1d,4
4887,richness2d,2
4888,richness1d,4
4888,richness2d,4
4890,richness1d,4
4890,richness2d,2
4892,richness1d,4
4892,richness2d,4
4893,richness1d,4
4893,richness2d,3
4894,richness1d,4
4894,richness2d,1
4895,richness1d,4
4895,richness2d,4
4898,richness1d,4
4898,richness2d,4
4899,richness1d,4
4899,richness2d,4
4903,richness1d,4
4903,richness2d,4
4904,richness1d,4
4904,richness2d,4
4905,richness1d,4
4905,richness2d,2
4906,richness1d,4
4906,richness2d,3
4907,richness1d,4
4907,richness2d,1
4908,richness1d,4
4908,richness2d,3
4909,richness1d,4
4909,richness2d,2
4910,richness1d,4
4910,richness2d,4
4912,richness1d,4
4912,richness2d,4
4914,richness1d,4
4914,richness2d,1
4919,richness1d,4
4919,richness2d,1
4922,richness1d,4
4922,richness2d,2
4923,richness1d,4
4923,richness2d,3
4924,richness1d,3
4924,richness2d,3
4925,richness1d,3
4925,richness2d,3
4928,richness1d,3
4928,richness2d,2
4930,richness1d,3
4930,richness2d,2
4932,richness1d,3
4932,richness2d,3
4933,richness1d,3
4933,richness2d,1
4936,richness1d,3
4936,richness2d,3
4937,richness1d,3
4937,richness2d,3
4938,richness1d,3
4938,richness2d,2
4939,richness1d,3
4939,richness2d,3
4940,richness1d,3
4940,richness2d,3
4941,richness1d,3
4941,richness2d,3
4942,richness1d,3
4942,richness2d,3
4943,richness1d,3
4943,richness2d,1
4944,richness1d,3
4944,richness2d,2
4946,richness1d,3
4946,richness2d,3
4948,richness1d,3
4948,richness2d,3
4952,richness1d,3
4952,richness2d,2
4953,richness1d,3
4953,richness2d,2
4955,richness1d,3
4955,richness2d,3
4957,richness1d,3
4957,richness2d,3
4958,richness1d,3
4958,richness2d,3
4960,richness1d,3
4960,richness2d,3
4961,richness1d,3
4961,richness2d,2
4962,richness1d,3
4962,richness2d,3
4966,richness1d,3
4966,richness2d,1
4967,richness1d,3
4967,richness2d,2
4971,richness1d,3
4971,richness2d,2
4972,richness1d,3
4972,richness2d,3
4974,richness1d,3
4974,richness2d,2
4975,richness1d,3
4975,richness2d,1
4976,richness1d,3
4976,richness2d,1
4977,richness1d,3
4977,richness2d,2
4979,richness1d,3
4979,richness2d,3
4980,richness1d,3
4980,richness2d,3
4981,richness1d,3
4981,richness2d,1
4982,richness1d,3
4982,richness2d,3
4983,richness1d,3
4983,richness2d,2
4984,richness1d,3
4984,richness2d,2
4985,richness1d,3
4985,richness2d,1
4986,richness1d,3
4986,richness2d,3
4987,richness1d,3
4987,richness2d,2
4989,richness1d,3
4989,richness2d,3
4991,richness1d,3
4991,richness2d,2
4992,richness1d,3
4992,richness2d,2
4994,richness1d,3
4994,richness2d,2
4995,richness1d,3
4995,richness2d,1
4996,richness1d,3
4996,richness2d,3
4998,richness1d,3
4998,richness2d,3
4999,richness1d,3
4999,richness2d,1
5000,richness1d,3
5000,richness2d,2
5001,richness1d,3
5001,richness2d,2
5002,richness1d,3
5002,richness2d,2
5003,richness1d,3
5003,richness2d,2
5004,richness1d,3
5004,richness2d,2
5005,richness1d,3
5005,richness2d,2
5007,richness1d,3
5007,richness2d,3
5008,richness1d,3
5008,richness2d,2
5009,richness1d,3
5009,richness2d,2
5010,richness1d,3
5010,richness2d,3
5011,richness1d,3
5011,richness2d,2
5012,richness1d,3
5012,richness2d,1
5013,richness1d,3
5013,richness2d,1
5014,richness1d,3
5014,richness2d,2
5016,richness1d,3
5016,richness2d,3
5017,richness1d,3
5017,richness2d,3
5021,richness1d,3
5021,richness2d,1
5023,richness1d,3
5023,richness2d,1
5024,richness1d,3
5024,richness2d,2
5026,richness1d,3
5026,richness2d,2
5027,richness1d,3
5027,richness2d,3
5028,richness1d,3
5028,richness2d,1
5030,richness1d,3
5030,richness2d,1
5031,richness1d,3
5031,richness2d,2
5032,richness1d,3
5032,richness2d,2
5033,richness1d,3
5033,richness2d,3
5035,richness1d,3
5035,richness2d,3
5036,richness1d,3
5036,richness2d,3
5037,richness1d,3
5037,richness2d,2
5038,richness1d,3
5038,richness2d,1
5040,richness1d,3
5040,richness2d,2
5042,richness1d,3
5042,richness2d,1
5043,richness1d,3
5043,richness2d,2
5044,richness1d,3
5044,richness2d,3
5046,richness1d,3
5046,richness2d,2
5047,richness1d,3
5047,richness2d,3
5049,richness1d,3
5049,richness2d,3
5051,richness1d,3
5051,richness2d,3
5054,richness1d,3
5054,richness2d,1
5055,richness1d,3
5055,richness2d,3
5056,richness1d,3
5056,richness2d,2
5058,richness1d,3
5058,richness2d,2
5059,richness1d,3
5059,richness2d,3
5060,richness1d,3
5060,richness2d,2
5062,richness1d,3
5062,richness2d,2
5064,richness1d,3
5064,richness2d,1
5066,richness1d,3
5066,richness2d,3
5067,richness1d,3
5067,richness2d,3
5068,richness1d,3
5068,richness2d,2
5069,richness1d,3
5069,richness2d,2
5070,richness1d,3
5070,richness2d,3
5071,richness1d,3
5071,richness2d,3
5072,richness1d,3
5072,richness2d,1
5073,richness1d,3
5073,richness2d,2
5074,richness1d,3
5074,richness2d,2
5077,richness1d,3
5077,richness2d,2
5078,richness1d,3
5078,richness2d,3
5079,richness1d,3
5079,richness2d,3
5080,richness1d,3
5080,richness2d,3
5082,richness1d,3
5082,richness2d,2
5083,richness1d,3
5083,richness2d,2
5084,richness1d,3
5084,richness2d,2
5085,richness1d,3
5085,richness2d,3
5090,richness1d,2
5090,richness2d,2
5092,richness1d,2
5092,richness2d,1
5093,richness1d,2
5093,richness2d,1
5094,richness1d,2
5094,richness2d,1
5096,richness1d,2
5096,richness2d,2
5099,richness1d,2
5099,richness2d,2
5100,richness1d,2
5100,richness2d,2
5101,richness1d,2
5101,richness2d,1
5102,richness1d,2
5102,richness2d,1
5105,richness1d,2
5105,richness2d,2
5106,richness1d,2
5106,richness2d,1
5107,richness1d,2
5107,richness2d,2
5108,richness1d,2
5108,richness2d,1
5110,richness1d,2
5110,richness2d,2
5111,richness1d,2
5111,richness2d,1
5112,richness1d,2
5112,richness2d,1
5113,richness1d,2
5113,richness2d,1
5116,richness1d,2
5116,richness2d,1
5117,richness1d,2
5117,richness2d,2
5118,richness1d,2
5118,richness2d,1
5119,richness1d,2
5119,richness2d,2
5120,richness1d,2
5120,richness2d,1
5122,richness1d,2
5122,richness2d,2
5123,richness1d,2
5123,richness2d,2
5124,richness1d,2
5124,richness2d,1
5126,richness1d,2
5126,richness2d,2
5127,richness1d,2
5127,richness2d,2
5128,richness1d,2
5128,richness2d,2
5129,richness1d,2
5129,richness2d,1
5130,richness1d,2
5130,richness2d,2
5131,richness1d,2
5131,richness2d,2
5132,richness1d,2
5132,richness2d,1
5133,richness1d,2
5133,richness2d,2
5134,richness1d,2
5134,richness2d,1
5135,richness1d,2
5135,richness2d,1
5136,richness1d,2
5136,richness2d,2
5137,richness1d,2
5137,richness2d,1
5138,richness1d,2
5138,richness2d,1
5139,richness1d,2
5139,richness2d,1
5141,richness1d,2
5141,richness2d,2
5142,richness1d,2
5142,richness2d,2
5144,richness1d,2
5144,richness2d,1
5145,richness1d,2
5145,richness2d,2
5146,richness1d,2
5146,richness2d,1
5147,richness1d,2
5147,richness2d,2
5148,richness1d,2
5148,richness2d,1
5150,richness1d,2
5150,richness2d,1
5151,richness1d,2
5151,richness2d,2
5153,richness1d,2
5153,richness2d,1
5154,richness1d,2
5154,richness2d,2
5155,richness1d,2
5155,richness2d,1
5156,richness1d,2
5156,richness2d,1
5158,richness1d,2
5158,richness2d,1
5159,richness1d,2
5159,richness2d,2
5160,richness1d,2
5160,richness2d,1
5161,richness1d,2
5161,richness2d,2
5163,richness1d,2
5163,richness2d,1
5165,richness1d,2
5165,richness2d,2
5166,richness1d,2
5166,richness2d,1
5167,richness1d,2
5167,richness2d,1
5170,richness1d,2
5170,richness2d,1
5171,richness1d,2
5171,richness2d,2
5172,richness1d,2
5172,richness2d,2
5173,richness1d,2
5173,richness2d,2
5174,richness1d,2
5174,richness2d,1
5175,richness1d,2
5175,richness2d,2
5177,richness1d,2
5177,richness2d,2
5178,richness1d,2
5178,richness2d,2
5179,richness1d,2
5179,richness2d,2
5182,richness1d,2
5182,richness2d,1
5183,richness1d,2
5183,richness2d,1
5186,richness1d,2
5186,richness2d,2
5187,richness1d,2
5187,richness2d,1
5188,richness1d,2
5188,richness2d,2
5189,richness1d,2
5189,richness2d,2
5191,richness1d,2
5191,richness2d,1
5192,richness1d,2
5192,richness2d,2
5193,richness1d,2
5193,richness2d,2
5195,richness1d,2
5195,richness2d,2
5197,richness1d,2
5197,richness2d,2
5198,richness1d,2
5198,richness2d,1
5199,richness1d,2
5199,richness2d,2
5200,richness1d,2
5200,richness2d,2
5201,richness1d,2
5201,richness2d,1
5202,richness1d,2
5202,richness2d,2
5203,richness1d,2
5203,richness2d,1
5204,richness1d,2
5204,richness2d,1
5205,richness1d,2
5205,richness2d,2
5206,richness1d,2
5206,richness2d,2
5207,richness1d,2
5207,richness2d,1
5208,richness1d,2
5208,richness2d,2
5209,richness1d,2
5209,richness2d,2
5210,richness1d,2
5210,richness2d,1
5212,richness1d,2
5212,richness2d,2
5216,richness1d,2
5216,richness2d,2
5217,richness1d,2
5217,richness2d,1
5218,richness1d,2
5218,richness2d,1
5219,richness1d,2
5219,richness2d,1
5221,richness1d,2
5221,richness2d,2
5222,richness1d,2
5222,richness2d,2
5223,richness1d,2
5223,richness2d,2
5224,richness1d,2
5224,richness2d,1
5225,richness1d,2
5225,richness2d,1
5226,richness1d,2
5226,richness2d,1
5228,richness1d,2
5228,richness2d,2
5229,richness1d,2
5229,richness2d,2
5231,richness1d,2
5231,richness2d,1
5233,richness1d,2
5233,richness2d,1
5234,richness1d,2
5234,richness2d,2
5235,richness1d,2
5235,richness2d,2
5236,richness1d,2
5236,richness2d,1
5237,richness1d,2
5237,richness2d,2
5238,richness1d,2
5238,richness2d,2
5240,richness1d,2
5240,richness2d,2
5241,richness1d,2
5241,richness2d,1
5243,richness1d,2
5243,richness2d,1
5244,richness1d,2
5244,richness2d,1
5245,richness1d,2
5245,richness2d,2
5246,richness1d,2
5246,richness2d,1
5247,richness1d,2
5247,richness2d,2
5250,richness1d,2
5250,richness2d,1
5252,richness1d,2
5252,richness2d,2
5253,richness1d,2
5253,richness2d,1
5254,richness1d,2
5254,richness2d,2
5255,richness1d,2
5255,richness2d,2
5258,richness1d,2
5258,richness2d,2
5260,richness1d,2
5260,richness2d,1
5261,richness1d,2
5261,richness2d,1
5262,richness1d,2
5262,richness2d,1
5263,richness1d,2
5263,richness2d,1
5264,richness1d,2
5264,richness2d,1
5266,richness1d,2
5266,richness2d,1
5268,richness1d,2
5268,richness2d,1
5269,richness1d,2
5269,richness2d,1
5270,richness1d,2
5270,richness2d,1
5271,richness1d,2
5271,richness2d,1
5272,richness1d,2
5272,richness2d,2
5273,richness1d,2
5273,richness2d,1
5274,richness1d,2
5274,richness2d,2
5275,richness1d,2
5275,richness2d,2
5276,richness1d,2
5276,richness2d,2
5277,richness1d,2
5277,richness2d,2
5278,richness1d,2
5278,richness2d,2
5279,richness1d,2
5279,richness2d,1
5280,richness1d,2
5280,richness2d,1
5282,richness1d,2
5282,richness2d,2
5283,richness1d,2
5283,richness2d,2
5285,richness1d,2
5285,richness2d,2
5286,richness1d,2
5286,richness2d,2
5287,richness1d,2
5287,richness2d,1
5288,richness1d,2
5288,richness2d,1
5291,richness1d,2
5291,richness2d,2
5292,richness1d,2
5292,richness2d,1
5293,richness1d,2
5293,richness2d,2
5295,richness1d,2
5295,richness2d,2
5296,richness1d,2
5296,richness2d,1
5298,richness1d,2
5298,richness2d,1
5300,richness1d,2
5300,richness2d,2
5301,richness1d,2
5301,richness2d,1
5302,richness1d,2
5302,richness2d,1
5303,richness1d,2
5303,richness2d,1
5312,richness1d,1
5312,richness2d,1
5313,richness1d,1
5313,richness2d,1
5315,richness1d,1
5315,richness2d,1
5318,richness1d,1
5318,richness2d,1
5324,richness1d,1
5324,richness2d,1
5328,richness1d,1
5328,richness2d,1
5329,richness1d,1
5329,richness2d,1
5331,richness1d,1
5331,richness2d,1
5332,richness1d,1
5332,richness2d,1
5336,richness1d,1
5336,richness2d,1
5337,richness1d,1
5337,richness2d,1
5338,richness1d,1
5338,richness2d,1
5344,richness1d,1
5344,richness2d,1
5345,richness1d,1
5345,richness2d,1
5347,richness1d,1
5347,richness2d,1
5348,richness1d,1
5348,richness2d,1
5354,richness1d,1
5354,richness2d,1
5365,richness1d,1
5365,richness2d,1
5369,richness1d,1
5369,richness2d,1
5370,richness1d,1
5370,richness2d,1
5375,richness1d,1
5375,richness2d,1
5377,richness1d,1
5377,richness2d,1
5379,richness1d,1
5379,richness2d,1
5382,richness1d,1
5382,richness2d,1
5384,richness1d,1
5384,richness2d,1
5386,richness1d,1
5386,richness2d,1
5388,richness1d,1
5388,richness2d,1
5401,richness1d,1
5401,richness2d,1
5402,richness1d,1
5402,richness2d,1
5403,richness1d,1
5403,richness2d,1
5406,richness1d,1
5406,richness2d,1
5408,richness1d,1
5408,richness2d,1
5409,richness1d,1
5409,richness2d,1
5412,richness1d,1
5412,richness2d,1
5416,richness1d,1
5416,richness2d,1
5418,richness1d,1
5418,richness2d,1
5419,richness1d,1
5419,richness2d,1
5422,richness1d,1
5422,richness2d,1
5423,richness1d,1
5423,richness2d,1
5424,richness1d,1
5424,richness2d,1
5429,richness1d,1
5429,richness2d,1
5430,richness1d,1
5430,richness2d,1
5432,richness1d,1
5432,richness2d,1
5433,richness1d,1
5433,richness2d,1
5434,richness1d,1
5434,richness2d,1
5442,richness1d,1
5442,richness2d,1
5444,richness1d,1
5444,richness2d,1
5446,richness1d,1
5446,richness2d,1
5450,richness1d,1
5450,richness2d,1
5454,richness1d,1
5454,richness2d,1
5455,richness1d,1
5455,richness2d,1
5463,richness1d,1
5463,richness2d,1
5466,richness1d,1
5466,richness2d,1
